co,route,orig_en,orig_tc,orig_sc,dest_en,dest_tc,dest_sc,data_timestamp
CTB,1,Central (Macau Ferry),中環 (港澳碼頭),中环 (港澳码头),Happy Valley (Upper),跑馬地 (上),跑马地 (上),2025-10-19T05:00:02+08:00
CTB,10,Kennedy Town,堅尼地城,坚尼地城,North Point Ferry Pier,北角碼頭,北角码头,2025-10-19T05:00:02+08:00
CTB,101,Kennedy Town,堅尼地城,坚尼地城,Kwun Tong (Yue Man Square),觀塘 (裕民坊),观塘 (裕民坊),2025-10-19T05:00:02+08:00
CTB,101R,Happy Valley Racecourse,跑馬地馬場,跑马地马场,Kwun Tong (Yue Man Square),觀塘 (裕民坊),观塘 (裕民坊),2025-10-19T05:00:02+08:00
CTB,101X,Kennedy Town,堅尼地城,坚尼地城,Kwun Tong (Yue Man Square),觀塘 (裕民坊),观塘 (裕民坊),2025-10-19T05:00:02+08:00
CTB,102,Shau Kei Wan,筲箕灣,筲箕湾,Mei Foo,美孚,美孚,2025-10-19T05:00:02+08:00
CTB,102P,Shau Kei Wan,筲箕灣,筲箕湾,Mei Foo,美孚,美孚,2025-10-19T05:00:02+08:00
CTB,102R,Happy Valley Racecourse,跑馬地馬場,跑马地马场,Mei Foo,美孚,美孚,2025-10-19T05:00:02+08:00
CTB,103,Pokfield Road,蒲飛路,蒲飞路,Chuk Yuen,竹園,竹园,2025-10-19T05:00:02+08:00
CTB,104,Kennedy Town,堅尼地城,坚尼地城,Pak Tin Estate,白田邨,白田邨,2025-10-19T05:00:02+08:00
CTB,104R,Central (Ferry Piers),中環碼頭,中环码头,Mong Kok,旺角,旺角,2025-10-19T05:00:02+08:00
CTB,106,Siu Sai Wan (Island Resort),小西灣 (藍灣半島),小西湾 (蓝湾半岛),Wong Tai Sin,黃大仙,黄大仙,2025-10-19T05:00:02+08:00
CTB,106A,Wong Tai Sin,黃大仙,黄大仙,Tai Koo (Kornhill Plaza),太古 (康怡廣場),太古 (康怡广场),2025-10-19T05:00:02+08:00
CTB,106P,Siu Sai Wan (Island Resort),小西灣 (藍灣半島),小西湾 (蓝湾半岛),Wong Tai Sin,黃大仙,黄大仙,2025-10-19T05:00:02+08:00
CTB,107,Wah Kwai Estate,華貴邨,华贵邨,Kowloon Bay,九龍灣,九龙湾,2025-10-19T05:00:02+08:00
CTB,107P,Hung Hom (Laguna Verde),紅磡 (海逸豪園),红磡 (海逸豪园),Cyberport,數碼港,数码港,2025-10-19T05:00:02+08:00
CTB,109,Central (Macau Ferry),中環 (港澳碼頭),中环 (港澳码头),Ho Man Tin Estate,何文田邨,何文田邨,2025-10-19T05:00:02+08:00
CTB,11,Central (Ferry Piers),中環碼頭,中环码头,Jardine's Lookout,渣甸山,渣甸山,2025-10-19T05:00:02+08:00
CTB,110,Shau Kei Wan,筲箕灣,筲箕湾,Tsim Sha Tsui (Mody Road),尖沙咀 (麼地道),尖沙咀 (么地道),2025-10-19T05:00:02+08:00
CTB,111,Central (Macau Ferry),中環 (港澳碼頭),中环 (港澳码头),Ping Shek Estate,坪石邨,坪石邨,2025-10-19T05:00:02+08:00
CTB,111P,Choi Fook Estate,彩福邨,彩福邨,Central (Macau Ferry),中環 (港澳碼頭),中环 (港澳码头),2025-10-19T05:00:02+08:00
CTB,112,North Point (Pak Fuk Road),北角 (百福道),北角 (百福道),So Uk Estate,蘇屋邨,苏屋邨,2025-10-19T05:00:02+08:00
CTB,113,Kennedy Town (Belcher Bay),堅尼地城 (卑路乍灣),坚尼地城 (卑路乍湾),Choi Hung,彩虹,彩虹,2025-10-19T05:00:02+08:00
CTB,115,Central (Macau Ferry),中環 (港澳碼頭),中环 (港澳码头),Kowloon City Ferry Pier,九龍城碼頭,九龙城码头,2025-10-19T05:00:02+08:00
CTB,115P,Laguna Verde,海逸豪園,海逸豪园,Central (Macau Ferry),中環 (港澳碼頭),中环 (港澳码头),2025-10-19T05:00:02+08:00
CTB,116,Quarry Bay (Yau Man Street),鰂魚涌 (祐民街),鲗鱼涌 (祐民街),Tsz Wan Shan (Central),慈雲山 (中),慈云山 (中),2025-10-19T05:00:02+08:00
CTB,117,Happy Valley (Lower),跑馬地 (下),跑马地 (下),Sham Shui Po (Yen Chow Street),深水埗 (欽州街),深水埗 (钦州街),2025-10-19T05:00:02+08:00
CTB,118,Siu Sai Wan (Island Resort),小西灣 (藍灣半島),小西湾 (蓝湾半岛),Cheung Sha Wan (Sham Mong Road),長沙灣 (深旺道),长沙湾 (深旺道),2025-10-19T05:00:02+08:00
CTB,118P,Siu Sai Wan (Island Resort),小西灣 (藍灣半島),小西湾 (蓝湾半岛),Cheung Sha Wan (Sham Mong Road),長沙灣 (深旺道),长沙湾 (深旺道),2025-10-19T05:00:02+08:00
CTB,12,Central Pier 3,中環3號碼頭,中环3号码头,Robinson Road / Park Road,羅便臣道／柏道,罗便臣道／柏道,2025-10-19T05:00:02+08:00
CTB,12A,Admiralty (Tamar Street),金鐘 (添馬街),金钟 (添马街),MacDonnell Road,麥當勞道,麦当劳道,2025-10-19T05:00:02+08:00
CTB,12M,Admiralty (Tamar Street),金鐘 (添馬街),金钟 (添马街),Park Road,柏道,柏道,2025-10-19T05:00:02+08:00
CTB,13,Admiralty (Tamar Street),金鐘 (添馬街),金钟 (添马街),Kotewall Road (Mid-levels),旭龢道 (半山區),旭龢道 (半山区),2025-10-19T05:00:02+08:00
CTB,14,Grand Promenade,嘉亨灣,嘉亨湾,Stanley Fort (Gate) / Ma Hang,赤柱炮台 (閘口)／馬坑,赤柱炮台 (闸口)／马坑,2025-10-19T05:00:02+08:00
CTB,15,Central,中環,中环,The Peak,山頂,山顶,2025-10-19T05:00:02+08:00
CTB,15B,Wan Chai (HKCEC Extension),灣仔 (會展新翼),湾仔 (会展新翼),The Peak,山頂,山顶,2025-10-19T05:00:02+08:00
CTB,15C,Central (Hong Kong Observation Wheel),中環 (香港摩天輪),中环 (香港摩天轮),Garden Road,花園道,花园道,2025-10-19T05:00:02+08:00
CTB,170,Wah Fu (Central),華富 (中),华富 (中),Sha Tin Station,沙田站,沙田站,2025-10-19T05:00:02+08:00
CTB,171,South Horizons,海怡半島,海怡半岛,Lai Chi Kok,荔枝角,荔枝角,2025-10-19T05:00:02+08:00
CTB,171A,Lei Tung Estate,利東邨,利东邨,Lai Chi Kok,荔枝角,荔枝角,2025-10-19T05:00:02+08:00
CTB,171P,South Horizons,海怡半島,海怡半岛,Lai Chi Kok,荔枝角,荔枝角,2025-10-19T05:00:02+08:00
CTB,173R,Stanley,赤柱,赤柱,Tsim Sha Tsui (Mody Road),尖沙咀(麼地道),尖沙咀(么地道),2025-10-19T05:00:02+08:00
CTB,18,North Point (Healthy Street Central),北角 (健康中街),北角 (健康中街),Kennedy Town (Belcher Bay) / Sheung Wan,堅尼地城 (卑路乍灣)／上環,坚尼地城 (卑路乍湾)／上环,2025-10-19T05:00:02+08:00
CTB,182,Central (Macau Ferry),中環 (港澳碼頭),中环 (港澳码头),Sha Tin (Yu Chui Court),沙田 (愉翠苑),沙田 (愉翠苑),2025-10-19T05:00:02+08:00
CTB,182X,Central (Macau Ferry),中環 (港澳碼頭),中环 (港澳码头),Sha Tin (Yu Chui Court),沙田 (愉翠苑),沙田 (愉翠苑),2025-10-19T05:00:02+08:00
CTB,18P,Kennedy Town (Belcher Bay),堅尼地城 (卑路乍灣),坚尼地城 (卑路乍湾),North Point (Healthy Street Central),北角 (健康中街),北角 (健康中街),2025-10-19T05:00:02+08:00
CTB,18X,Shau Kei Wan,筲箕灣,筲箕湾,Kennedy Town (Belcher Bay),堅尼地城 (卑路乍灣),坚尼地城 (卑路乍湾),2025-10-19T05:00:02+08:00
CTB,19P,Shau Kei Wan,筲箕灣,筲箕湾,Happy Valley (Upper),跑馬地 (上),跑马地 (上),2025-10-19T05:00:02+08:00
CTB,1M,Exhibition Centre Station,會展站,会展站,Happy Valley / Wong Nai Chung Gap,跑馬地／黃泥涌峽,跑马地／黄泥涌峡,2025-10-19T05:00:02+08:00
CTB,1P,Wong Nai Chung Road (Broadwood Road),黃泥涌道 (樂活道),黄泥涌道 (乐活道),Central,中環,中环,2025-10-19T05:00:02+08:00
CTB,2,Grand Promenade,嘉亨灣,嘉亨湾,Central (Macau Ferry),中環 (港澳碼頭),中环 (港澳码头),2025-10-19T05:00:02+08:00
CTB,20,Kai Tak (Muk On Street),啟德 (沐安街),启德 (沐安街),Cheung Sha Wan (Hoi Tat),長沙灣 (海達),长沙湾 (海达),2025-10-19T05:00:02+08:00
CTB,20A,Kai Tak Cruise Terminal (via: Mong Kok),啟德郵輪碼頭 (經:旺角),启德邮轮码头 (经:旺角),HSR West Kowloon Station (via: Mong Kok),高鐵西九龍站 (經:旺角),高铁西九龙站 (经:旺角),2025-10-19T05:00:02+08:00
CTB,20R,Kai Tak Cruise Terminal,啟德郵輪碼頭,启德邮轮码头,Tsim Sha Tsui / High Speed Rail West Kowloon Station,尖沙咀／高鐵西九龍站,尖沙咀／高铁西九龙站,2025-10-19T05:00:02+08:00
CTB,22,Kai Tak Cruise Terminal,啟德郵輪碼頭,启德邮轮码头,Kowloon Tong (Festival Walk),九龍塘 (又一城),九龙塘 (又一城),2025-10-19T05:00:02+08:00
CTB,22D,Kai Tak Station,啟德站,启德站,Kai Tak Runway Area,啟德跑道區,启德跑道区,2025-10-19T05:00:02+08:00
CTB,22M,Kai Tak Cruise Terminal,啟德郵輪碼頭,启德邮轮码头,To Kwa Wan,土瓜灣,土瓜湾,2025-10-19T05:00:02+08:00
CTB,22R,Kai Tak Station,啟德站,启德站,Kai Tak Cruise Terminal,啟德郵輪碼頭,启德邮轮码头,2025-10-19T05:00:02+08:00
CTB,22X,One Victoria,維港1號,维港1号,Kai Tak Station,啟德站,启德站,2025-10-19T05:00:02+08:00
CTB,23,North Point Ferry Pier,北角碼頭,北角码头,Pokfield Road,蒲飛路,蒲飞路,2025-10-19T05:00:02+08:00
CTB,23B,Braemar Hill,寶馬山,宝马山,Park Road / Robinson Road,柏道／羅便臣道,柏道／罗便臣道,2025-10-19T05:00:02+08:00
CTB,23X,Pokfield Road,蒲飛路,蒲飞路,Sai Wan Ho,西灣河,西湾河,2025-10-19T05:00:02+08:00
CTB,25,Central (Pier 3/5),中環 (3 / 5 號碼頭),中环 (3 / 5 号码头),Braemar Hill,寶馬山,宝马山,2025-10-19T05:00:02+08:00
CTB,25A,Exhibition Centre Station,會展站,会展站,Braemar Hill,寶馬山,宝马山,2025-10-19T05:00:02+08:00
CTB,26,Lai Tak Tsuen,勵德邨,励德邨,Hollywood Road,荷李活道,荷李活道,2025-10-19T05:00:02+08:00
CTB,260,Central (Exchange Square),中環 (交易廣場),中环 (交易广场),Stanley Market,赤柱市場,赤柱市场,2025-10-19T05:00:02+08:00
CTB,27,North Point Ferry Pier,北角碼頭,北角码头,Braemar Hill,寶馬山,宝马山,2025-10-19T05:00:02+08:00
CTB,2A,Yiu Tung Estate,耀東邨,耀东邨,Exhibition Centre Station,會展站,会展站,2025-10-19T05:00:02+08:00
CTB,2X,Grand Promenade,嘉亨灣,嘉亨湾,Exhibition Centre Station,會展站,会展站,2025-10-19T05:00:02+08:00
CTB,302,Tsz Wan Shan (North),慈雲山 (北),慈云山 (北),Sheung Wan,上環,上环,2025-10-19T05:00:02+08:00
CTB,302A,Tsz Wan Shan (North),慈雲山 (北),慈云山 (北),North Point (Healthy Village),北角 (健康村),北角 (健康村),2025-10-19T05:00:02+08:00
CTB,307,Tai Po Centre,大埔中心,大埔中心,Central (Ferry Piers) / Sheung Wan,中環碼頭／上環,中环码头／上环,2025-10-19T05:00:02+08:00
CTB,307A,Tai Po Tau,大埔頭,大埔头,Sheung Wan,上環,上环,2025-10-19T05:00:02+08:00
CTB,307P,Tin Hau Station,天后站,天后站,Tai Po (Ting Tai Road / Fu Tip),大埔 (汀太路／富蝶),大埔 (汀太路／富蝶),2025-10-19T05:00:02+08:00
CTB,30X,Cyberport,數碼港,数码港,Admiralty (East),金鐘(東),金钟(东),2025-10-19T05:00:02+08:00
CTB,314,Siu Sai Wan (Island Resort),小西灣 (藍灣半島),小西湾 (蓝湾半岛),Stanley (Beach / Market),赤柱 (海灘／市場),赤柱 (海滩／市场),2025-10-19T05:00:02+08:00
CTB,33X,Cyberport,數碼港,数码港,Shau Kei Wan,筲箕灣,筲箕湾,2025-10-19T05:00:02+08:00
CTB,347,Admiralty (West),金鐘 (西),金钟 (西),Aberdeen (via Victoria Road),香港仔 (經域多利道),香港仔 (经域多利道),2025-10-19T05:00:02+08:00
CTB,37A,Chi Fu Fa Yuen,置富花園,置富花园,Central,中環,中环,2025-10-19T05:00:02+08:00
CTB,37B,Chi Fu Fa Yuen,置富花園,置富花园,Admiralty,金鐘,金钟,2025-10-19T05:00:02+08:00
CTB,37X,Chi Fu Fa Yuen,置富花園,置富花园,Admiralty,金鐘,金钟,2025-10-19T05:00:02+08:00
CTB,38,Chi Fu Fa Yuen,置富花園,置富花园,North Point Ferry Pier,北角碼頭,北角码头,2025-10-19T05:00:02+08:00
CTB,382,Chai Wan (East),柴灣 (東),柴湾 (东),Nai Chung,泥涌,泥涌,2025-10-19T05:00:02+08:00
CTB,388,Chai Wan Station,柴灣站,柴湾站,Chai Wan Cemeteries / Cape Collinson,柴灣墳場／歌連臣角,柴湾坟场／歌连臣角,2025-10-19T05:00:02+08:00
CTB,389,Shau Kei Wan,筲箕灣,筲箕湾,Chai Wan Cemeteries / Cape Collinson,柴灣墳場／歌連臣角,柴湾坟场／歌连臣角,2025-10-19T05:00:02+08:00
CTB,3A,Central (Star Ferry),中環 (天星碼頭),中环 (天星码头),Felix Villas,摩星嶺,摩星岭,2025-10-19T05:00:02+08:00
CTB,4,Wong Chuk Hang / Wah Fu (South),黃竹坑／華富 (南),黄竹坑／华富 (南),Central,中環,中环,2025-10-19T05:00:02+08:00
CTB,40,Wah Fu (North),華富 (北),华富 (北),Exhibition Centre Station,會展站,会展站,2025-10-19T05:00:02+08:00
CTB,40M,Wah Fu (North),華富 (北),华富 (北),Exhibition Centre Station,會展站,会展站,2025-10-19T05:00:02+08:00
CTB,40P,Wah Fu (North),華富 (北),华富 (北),Robinson Road,羅便臣道,罗便臣道,2025-10-19T05:00:02+08:00
CTB,41A,Wah Fu (Central),華富 (中),华富 (中),North Point Ferry Pier,北角碼頭,北角码头,2025-10-19T05:00:02+08:00
CTB,42,Wah Fu (South),華富 (南),华富 (南),North Point Ferry Pier,北角碼頭,北角码头,2025-10-19T05:00:02+08:00
CTB,42C,Cyberport,數碼港,数码港,North Point Ferry Pier,北角碼頭,北角码头,2025-10-19T05:00:02+08:00
CTB,43M,Tin Wan,田灣,田湾,Shek Tong Tsui,石塘咀,石塘咀,2025-10-19T05:00:02+08:00
CTB,43R,Kennedy Town Station,堅尼地城站,坚尼地城站,Kennedy Town,堅尼地城,坚尼地城,2025-10-19T05:00:02+08:00
CTB,47P,Kennedy Town (Belcher Bay),堅尼地城 (卑路乍灣),坚尼地城 (卑路乍湾),Wong Chuk Hang,黃竹坑,黄竹坑,2025-10-19T05:00:02+08:00
CTB,48,Sham Wan / Ocean Park,深灣／海洋公園,深湾／海洋公园,Wah Fu (North),華富 (北),华富 (北),2025-10-19T05:00:02+08:00
CTB,49X,Siu Sai Wan (Island Resort),小西灣 (藍灣半島),小西湾 (蓝湾半岛),Cyberport,數碼港,数码港,2025-10-19T05:00:02+08:00
CTB,4X,Wah Fu (South),華富 (南),华富 (南),Central (Exchange Square),中環 (交易廣場),中环 (交易广场),2025-10-19T05:00:02+08:00
CTB,50,Tuen Mun (Ching Tin and Wo Tin),屯門 (菁田及和田),屯门 (菁田及和田),Tsim Sha Tsui (Kowloon Station),尖沙咀 (九龍站),尖沙咀 (九龙站),2025-10-19T05:00:02+08:00
CTB,50M,Wo Tin Estate,和田邨,和田邨,Tuen Mun Station,屯門站,屯门站,2025-10-19T05:00:02+08:00
CTB,50R,Hong Kong Coliseum,香港體育館,香港体育馆,Tuen Mun (Ching Tin and Wo Tin),屯門 (菁田及和田),屯门 (菁田及和田),2025-10-19T05:00:02+08:00
CTB,511,Tai Hang Drive,大坑徑,大坑径,Central (Ferry Piers),中環碼頭,中环码头,2025-10-19T05:00:02+08:00
CTB,55,Tuen Mun (Ching Tin and Wo Tin),屯門 (菁田及和田),屯门 (菁田及和田),Kwun Tong Ferry Pier,觀塘碼頭,观塘码头,2025-10-19T05:00:02+08:00
CTB,56,Tuen Mun (Wo Tin and Ching Tin),屯門 (和田及菁田),屯门 (和田及菁田),Sheung Shui (Tin Ping Estate),上水 (天平邨),上水 (天平邨),2025-10-19T05:00:02+08:00
CTB,56A,Tuen Mun (Wo Tin and Ching Tin),屯門 (和田及菁田),屯门 (和田及菁田),Queen’s Hill Fanling (via: Sheung Shui Station),粉嶺皇后山 (經:上水站),粉岭皇后山 (经:上水站),2025-10-19T05:00:02+08:00
CTB,580,GO PARK Sai Sha,西沙GO PARK,西沙GO PARK,Sha Tin Central,沙田市中心,沙田市中心,2025-10-19T05:00:02+08:00
CTB,581,Sai Sha and Shap Sze Heung,西沙及十四鄉,西沙及十四乡,Ma On Shan Town Centre (Via Wu Kai Sha Station),馬鞍山市中心 (經烏溪沙站),马鞍山市中心 (经乌溪沙站),2025-10-19T05:00:02+08:00
CTB,582,Pak Shek Kok (Via University Station),白石角 (經大學站),白石角 (经大学站),Sai Sha and Shap Sze Heung,西沙及十四鄉,西沙及十四乡,2025-10-19T05:00:02+08:00
CTB,592,South Horizons,海怡半島,海怡半岛,Causeway Bay (Moreton Terrace),銅鑼灣 (摩頓台),铜锣湾 (摩顿台),2025-10-19T05:00:02+08:00
CTB,595,South Horizons,海怡半島,海怡半岛,Shek Pai Wan (via Aberdeen),石排灣 (經香港仔),石排湾 (经香港仔),2025-10-19T05:00:02+08:00
CTB,5B,Felix Villas / Kennedy Town,摩星嶺／堅尼地城,摩星岭／坚尼地城,Causeway Bay / Hong Kong Stadium,銅鑼灣／香港大球場,铜锣湾／香港大球场,2025-10-19T05:00:02+08:00
CTB,5X,Kennedy Town,堅尼地城,坚尼地城,Causeway Bay (Whitfield Road),銅鑼灣 (威非路道),铜锣湾 (威非路道),2025-10-19T05:00:02+08:00
CTB,6,Central (Exchange Square),中環 (交易廣場),中环 (交易广场),Stanley Market,赤柱市場,赤柱市场,2025-10-19T05:00:02+08:00
CTB,601,Admiralty (East),金鐘 (東),金钟 (东),Po Tat Estate,寶達邨,宝达邨,2025-10-19T05:00:02+08:00
CTB,601P,Po Tat Estate,寶達邨,宝达邨,Sheung Wan,上環,上环,2025-10-19T05:00:02+08:00
CTB,606,Siu Sai Wan (Island Resort),小西灣 (藍灣半島),小西湾 (蓝湾半岛),Choi Wan (Fung Shing Street),彩雲 (豐盛街),彩云 (丰盛街),2025-10-19T05:00:02+08:00
CTB,606A,Choi Wan (Fung Shing Street),彩雲 (豐盛街),彩云 (丰盛街),Yiu Tung Estate,耀東邨,耀东邨,2025-10-19T05:00:02+08:00
CTB,606X,Siu Sai Wan (Island Resort),小西灣 (藍灣半島),小西湾 (蓝湾半岛),Kowloon Bay,九龍灣,九龙湾,2025-10-19T05:00:02+08:00
CTB,608,Kowloon City (Shing Tak Street),九龍城 (盛德街),九龙城 (盛德街),Shau Kei Wan,筲箕灣,筲箕湾,2025-10-19T05:00:02+08:00
CTB,608P,Siu Sai Wan (Island Resort),小西灣 (藍灣半島),小西湾 (蓝湾半岛),Kai Tak,啟德,启德,2025-10-19T05:00:02+08:00
CTB,619,Central (Macau Ferry),中環 (港澳碼頭),中环 (港澳码头),Shun Lee Estate,順利邨,顺利邨,2025-10-19T05:00:02+08:00
CTB,619P,Shun Lee Estate,順利邨,顺利邨,Central (Macau Ferry),中環 (港澳碼頭),中环 (港澳码头),2025-10-19T05:00:02+08:00
CTB,619X,Shun Lee Estate,順利邨,顺利邨,Central (Macau Ferry),中環 (港澳碼頭),中环 (港澳码头),2025-10-19T05:00:02+08:00
CTB,61R,City One Shatin,沙田第一城,沙田第一城,Lam Tin Station,藍田站,蓝田站,2025-10-19T05:00:02+08:00
CTB,621,Laguna City,麗港城,丽港城,Central (Hong Kong Station),中環 (香港站),中环 (香港站),2025-10-19T05:00:02+08:00
CTB,629,Central (Star Ferry),中環 (天星碼頭),中环 (天星码头),Ocean Park (Main Entrance / Water World),海洋公園 (正門／水上樂園),海洋公园 (正门／水上乐园),2025-10-19T05:00:02+08:00
CTB,629M,Ocean Park (Water World),海洋公園 (水上樂園),海洋公园 (水上乐园),Wong Chuk Hang Station,黃竹坑站,黄竹坑站,2025-10-19T05:00:02+08:00
CTB,63,North Point Ferry Pier,北角碼頭,北角码头,Stanley Market,赤柱市場,赤柱市场,2025-10-19T05:00:02+08:00
CTB,641,Central (Macau Ferry),中環 (港澳碼頭),中环 (港澳码头),Kai Tak (Kai Ching Estate),啟德 (啟晴邨),启德 (启晴邨),2025-10-19T05:00:02+08:00
CTB,65,North Point Ferry Pier,北角碼頭,北角码头,Stanley Market,赤柱市場,赤柱市场,2025-10-19T05:00:02+08:00
CTB,66,Central (Exchange Square),中環 (交易廣場),中环 (交易广场),Stanley Plaza (Ma Hang),赤柱廣場 (馬坑),赤柱广场 (马坑),2025-10-19T05:00:02+08:00
CTB,671,Ap Lei Chau (Lee Lok Street),鴨脷洲 (利樂街),鸭脷洲 (利乐街),Diamond Hill Station,鑽石山站,钻石山站,2025-10-19T05:00:02+08:00
CTB,671X,Ap Lei Chau (Lee Lok Street),鴨脷洲 (利樂街),鸭脷洲 (利乐街),Diamond Hill Station,鑽石山站,钻石山站,2025-10-19T05:00:02+08:00
CTB,678,Sheung Shui,上水,上水,Causeway Bay (Eastern Hospital Road),銅鑼灣 (東院道),铜锣湾 (东院道),2025-10-19T05:00:02+08:00
CTB,679,Queen's Hill Fanling,粉嶺皇后山,粉岭皇后山,Central (Hong Kong Station),中環 (香港站),中环 (香港站),2025-10-19T05:00:02+08:00
CTB,680,Admiralty (East),金鐘 (東),金钟 (东),Ma On Shan (Lee On Estate),馬鞍山 (利安邨),马鞍山 (利安邨),2025-10-19T05:00:02+08:00
CTB,680B,Ma On Shan (Chevalier Garden),馬鞍山 (富安花園),马鞍山 (富安花园),Admiralty (East),金鐘 (東),金钟 (东),2025-10-19T05:00:02+08:00
CTB,680P,Ma On Shan (Wu Kai Sha Station),馬鞍山 (烏溪沙站),马鞍山 (乌溪沙站),Admiralty (East),金鐘 (東),金钟 (东),2025-10-19T05:00:02+08:00
CTB,680X,Central (Macau Ferry Pier),中環 (港澳碼頭),中环 (港澳码头),Ma On Shan (Wu Kai Sha Station),馬鞍山 (烏溪沙站),马鞍山 (乌溪沙站),2025-10-19T05:00:02+08:00
CTB,681,Central (Hong Kong Station),中環 (香港站),中环 (香港站),Ma On Shan Town Centre,馬鞍山市中心,马鞍山市中心,2025-10-19T05:00:02+08:00
CTB,681P,Ma On Shan (Yiu On Estate),馬鞍山 (耀安邨),马鞍山 (耀安邨),Sheung Wan,上環,上环,2025-10-19T05:00:02+08:00
CTB,682,Chai Wan (East),柴灣 (東),柴湾 (东),Ma On Shan (Wu Kai Sha Station),馬鞍山 (烏溪沙站),马鞍山 (乌溪沙站),2025-10-19T05:00:02+08:00
CTB,682A,Ma On Shan Town Centre,馬鞍山市中心,马鞍山市中心,Chai Wan (East),柴灣 (東),柴湾 (东),2025-10-19T05:00:02+08:00
CTB,682B,Shui Chuen O Estate,水泉澳邨,水泉澳邨,Chai Wan (East),柴灣 (東),柴湾 (东),2025-10-19T05:00:02+08:00
CTB,682P,Wu Kai Sha Station,烏溪沙站,乌溪沙站,Chai Wan (East),柴灣 (東),柴湾 (东),2025-10-19T05:00:02+08:00
CTB,690,Central (Exchange Square),中環 (交易廣場),中环 (交易广场),Tseung Kwan O (Hong Sing Garden),將軍澳 (康盛花園),将军澳 (康盛花园),2025-10-19T05:00:02+08:00
CTB,690P,Tseung Kwan O (Hong Sing Garden),將軍澳 (康盛花園),将军澳 (康盛花园),Central (Exchange Square),中環 (交易廣場),中环 (交易广场),2025-10-19T05:00:02+08:00
CTB,690S,Central (Exchange Square),中環 (交易廣場),中环 (交易广场),Hang Hau (via: LOHAS Park),坑口 (經:日出康城),坑口 (经:日出康城),2025-10-19T05:00:02+08:00
CTB,694,Siu Sai Wan Estate,小西灣邨,小西湾邨,Tiu Keng Leng Station,調景嶺站,调景岭站,2025-10-19T05:00:02+08:00
CTB,694S,Siu Sai Wan Estate,小西灣邨,小西湾邨,Tiu Keng Leng Station (via: LOHAS Park),調景嶺站 (經:日出康城),调景岭站 (经:日出康城),2025-10-19T05:00:02+08:00
CTB,6A,Central (Exchange Square),中環 (交易廣場),中环 (交易广场),Stanley Fort (Gate),赤柱炮台 (閘口),赤柱炮台 (闸口),2025-10-19T05:00:02+08:00
CTB,6X,Central (Exchange Square),中環 (交易廣場),中环 (交易广场),Stanley Market,赤柱市場,赤柱市场,2025-10-19T05:00:02+08:00
CTB,7,Shek Pai Wan,石排灣,石排湾,Central (Ferry Piers),中環碼頭,中环码头,2025-10-19T05:00:02+08:00
CTB,70,Wah Kwai (via: Aberdeen),華貴 (經:香港仔),华贵 (经:香港仔),Central (Exchange Square),中環 (交易廣場),中环 (交易广场),2025-10-19T05:00:02+08:00
CTB,701,Hoi Lai Estate / Nam Cheong Station,海麗邨／南昌站,海丽邨／南昌站,Mong Kok,旺角,旺角,2025-10-19T05:00:02+08:00
CTB,701A,Hoi Ying Estate,海盈邨,海盈邨,Mong Kok,旺角,旺角,2025-10-19T05:00:02+08:00
CTB,701S,Hoi Lai Estate / Nam Cheong Station,海麗邨／南昌站,海丽邨／南昌站,Mong Kok,旺角,旺角,2025-10-19T05:00:02+08:00
CTB,702,Hoi Lai Estate / Nam Cheong Station,海麗邨／南昌站,海丽邨／南昌站,Kowloon Tong (Festival Walk),九龍塘 (又一城),九龙塘 (又一城),2025-10-19T05:00:02+08:00
CTB,702A,Hoi Ying Estate,海盈邨,海盈邨,Pak Tin Estate,白田邨,白田邨,2025-10-19T05:00:02+08:00
CTB,702B,Pak Tin (North),白田 (北),白田 (北),Hoi Ying Estate,海盈邨,海盈邨,2025-10-19T05:00:02+08:00
CTB,702S,So Uk Estate,蘇屋邨,苏屋邨,Banyan Garden / Fu Cheong Estate,泓景臺／富昌邨,泓景台／富昌邨,2025-10-19T05:00:02+08:00
CTB,70P,Shek Pai Wan (via: Aberdeen),石排灣 (經:香港仔),石排湾 (经:香港仔),Central (Exchange Square),中環 (交易廣場),中环 (交易广场),2025-10-19T05:00:02+08:00
CTB,71,Wong Chuk Hang,黃竹坑,黄竹坑,Central (Rumsey Street),中環 (林士街),中环 (林士街),2025-10-19T05:00:02+08:00
CTB,71P,Sham Wan,深灣,深湾,Central (Ferry Piers),中環碼頭,中环码头,2025-10-19T05:00:02+08:00
CTB,72,Wah Kwai Estate,華貴邨,华贵邨,Causeway Bay (Moreton Terrace),銅鑼灣 (摩頓台),铜锣湾 (摩顿台),2025-10-19T05:00:02+08:00
CTB,720,Grand Promenade,嘉亨灣,嘉亨湾,Central (Macau Ferry / Wing Wo Street),中環 (港澳碼頭 / 永和街),中环 (港澳码头 / 永和街),2025-10-19T05:00:02+08:00
CTB,720A,Grand Promenade,嘉亨灣,嘉亨湾,Admiralty (Admiralty Centre)/ Central (Pedder Street),金鐘 (海富中心)/ 中環(畢打街),金钟 (海富中心)/ 中环(毕打街),2025-10-19T05:00:02+08:00
CTB,720P,Taikoo Shing,太古城,太古城,Central (Wing Wo Street),中環 (永和街),中环 (永和街),2025-10-19T05:00:02+08:00
CTB,720X,Grand Promenade,嘉亨灣,嘉亨湾,Central (Rumsey Street),中環(林士街),中环(林士街),2025-10-19T05:00:02+08:00
CTB,722,Yiu Tung Estate,耀東邨,耀东邨,Central (Ferry Piers),中環碼頭,中环码头,2025-10-19T05:00:02+08:00
CTB,72A,Sham Wan,深灣,深湾,Causeway Bay (Moreton Terrace),銅鑼灣 (摩頓台),铜锣湾 (摩顿台),2025-10-19T05:00:02+08:00
CTB,73,Cyberport / Wah Fu (North),數碼港／華富 (北),数码港／华富 (北),Stanley Market,赤柱市場,赤柱市场,2025-10-19T05:00:02+08:00
CTB,73P,Sham Wan,深灣,深湾,Cyberport,數碼港,数码港,2025-10-19T05:00:02+08:00
CTB,75,Sham Wan,深灣,深湾,Central (Exchange Square),中環 (交易廣場),中环 (交易广场),2025-10-19T05:00:02+08:00
CTB,76,Wong Chuk Hang Station / Shek Pai Wan,黃竹坑站／石排灣,黄竹坑站／石排湾,Causeway Bay (Pennington Street),銅鑼灣 (邊寧頓街),铜锣湾 (边宁顿街),2025-10-19T05:00:02+08:00
CTB,77,Tin Wan,田灣,田湾,Shau Kei Wan,筲箕灣,筲箕湾,2025-10-19T05:00:02+08:00
CTB,77A,Shau Kei Wan,筲箕灣,筲箕湾,Tin Wan,田灣,田湾,2025-10-19T05:00:02+08:00
CTB,77X,Wah Kwai Estate,華貴邨,华贵邨,Sai Wan Ho,西灣河,西湾河,2025-10-19T05:00:02+08:00
CTB,78,Wong Chuk Hang,黃竹坑,黄竹坑,Wah Kwai Estate,華貴邨,华贵邨,2025-10-19T05:00:02+08:00
CTB,780,Chai Wan (East),柴灣 (東),柴湾 (东),Central (Ferry Piers),中環碼頭,中环码头,2025-10-19T05:00:02+08:00
CTB,780P,Hing Wah (via Causeway Bay),興華 (經銅鑼灣),兴华 (经铜锣湾),Central (Ferry Piers),中環碼頭,中环码头,2025-10-19T05:00:02+08:00
CTB,788,Siu Sai Wan (Island Resort),小西灣 (藍灣半島),小西湾 (蓝湾半岛),Central (Macau Ferry),中環 (港澳碼頭),中环 (港澳码头),2025-10-19T05:00:02+08:00
CTB,789,Siu Sai Wan (Island Resort),小西灣 (藍灣半島),小西湾 (蓝湾半岛),Admiralty (Rodney Street),金鐘 (樂禮街),金钟 (乐礼街),2025-10-19T05:00:02+08:00
CTB,78C,Queen's Hill Fanling,粉嶺皇后山,粉岭皇后山,Kai Tak (Via: Kwun Tong),啟德 (經: 觀塘),启德 (经: 观塘),2025-10-19T05:00:02+08:00
CTB,78P,Queen's Hill Fanling,粉嶺皇后山,粉岭皇后山,Kwun Tong,觀塘,观塘,2025-10-19T05:00:02+08:00
CTB,78X,Queen's Hill Fanling,粉嶺皇后山,粉岭皇后山,Kai Tak (via: Kwun Tong),啟德 (經: 觀塘),启德 (经: 观塘),2025-10-19T05:00:02+08:00
CTB,79,Queen's Hill Fanling (via: Tai Po),粉嶺皇后山 (經:大埔),粉岭皇后山 (经:大埔),Tai Wai Station (via: Tai Po),大圍站 (經:大埔),大围站 (经:大埔),2025-10-19T05:00:02+08:00
CTB,790,Oscar By The Sea (via: LOHAS Park),清水灣半島 (經:日出康城),清水湾半岛 (经:日出康城),Tsim Sha Tsui (Mody Road),尖沙咀(麼地道),尖沙咀(么地道),2025-10-19T05:00:02+08:00
CTB,792M,Tseung Kwan O Station,將軍澳站,将军澳站,Sai Kung,西貢,西贡,2025-10-19T05:00:02+08:00
CTB,793,Tseung Kwan O Industrial Estate,將軍澳工業邨,将军澳工业邨,So Uk,蘇屋,苏屋,2025-10-19T05:00:02+08:00
CTB,795,Tseung Kwan O Industrial Estate (via: LOHAS Park),將軍澳工業邨 (經:日出康城),将军澳工业邨 (经:日出康城),Cheung Sha Wan (Hoi Tat),長沙灣 (海達),长沙湾 (海达),2025-10-19T05:00:02+08:00
CTB,795X,Oscar by the Sea (via: Sheung Tak),清水灣半島 (經:尚德),清水湾半岛 (经:尚德),So Uk (via: Mong Kok and Mei Foo),蘇屋 (經:旺角及美孚),苏屋 (经:旺角及美孚),2025-10-19T05:00:02+08:00
CTB,796P,Tseung Kwan O Station,將軍澳站,将军澳站,Tsim Sha Tsui East,尖沙咀東,尖沙咀东,2025-10-19T05:00:02+08:00
CTB,796R,Hong Kong Coliseum,香港體育館,香港体育馆,LOHAS Park,日出康城,日出康城,2025-10-19T05:00:02+08:00
CTB,796S,Tseung Kwan O Station,將軍澳站,将军澳站,Ngau Tau Kok Station,牛頭角站,牛头角站,2025-10-19T05:00:02+08:00
CTB,796X,Tseung Kwan O Industrial Estate / Tseung Kwan O Station,將軍澳工業邨／將軍澳站,将军澳工业邨／将军澳站,Tsim Sha Tsui East,尖沙咀東,尖沙咀东,2025-10-19T05:00:02+08:00
CTB,797,LOHAS Park / Tseung Kwan O Industrial Estate,日出康城／將軍澳工業邨,日出康城／将军澳工业邨,San Po Kong,新蒲崗,新蒲岗,2025-10-19T05:00:02+08:00
CTB,798,Tiu Keng Leng Station,調景嶺站,调景岭站,Fo Tan (Chun Yeung Estate) (via: Sha Tin),火炭 (駿洋邨) (經:沙田),火炭 (骏洋邨) (经:沙田),2025-10-19T05:00:02+08:00
CTB,798A,Tseung Kwan O (Hong Sing Garden),將軍澳 (康盛花園),将军澳 (康盛花园),Sha Tin Station,沙田站,沙田站,2025-10-19T05:00:02+08:00
CTB,798P,Tseung Kwan O Industrial Estate,將軍澳工業邨,将军澳工业邨,Tai Wai Station (via: Sha Tin),大圍站 (經:沙田),大围站 (经:沙田),2025-10-19T05:00:02+08:00
CTB,798X,Tseung Kwan O Industrial Estate,將軍澳工業邨,将军澳工业邨,Fo Tan (Chun Yeung Estate) (via: Sha Tin),火炭 (駿洋邨) (經:沙田),火炭 (骏洋邨) (经:沙田),2025-10-19T05:00:02+08:00
CTB,79P,Queen's Hill Fanling,粉嶺皇后山,粉岭皇后山,High Speed Rail West Kowloon Station,高鐵西九龍站,高铁西九龙站,2025-10-19T05:00:02+08:00
CTB,79X,Queen's Hill Fanling,粉嶺皇后山,粉岭皇后山,Cheung Sha Wan (Kom Tsun Street) (via: Mong Kok),長沙灣 (甘泉街) (經: 旺角),长沙湾 (甘泉街) (经: 旺角),2025-10-19T05:00:02+08:00
CTB,8,Heng Fa Chuen,杏花邨,杏花邨,Exhibition Centre Station,會展站,会展站,2025-10-19T05:00:02+08:00
CTB,81,Hing Wah Estate,興華邨,兴华邨,Lai Tak Tsuen,勵德邨,励德邨,2025-10-19T05:00:02+08:00
CTB,81A,Hing Wah Estate,興華邨,兴华邨,Lai Tak Tsuen,勵德邨,励德邨,2025-10-19T05:00:02+08:00
CTB,82,Siu Sai Wan (Island Resort),小西灣 (藍灣半島),小西湾 (蓝湾半岛),North Point Ferry Pier,北角碼頭,北角码头,2025-10-19T05:00:02+08:00
CTB,82S,Siu Sai Wan (Island Resort),小西灣 (藍灣半島),小西湾 (蓝湾半岛),Yiu Tung (Wai Hang Street),耀東 (惠亨街),耀东 (惠亨街),2025-10-19T05:00:02+08:00
CTB,82X,Siu Sai Wan (Island Resort),小西灣 (藍灣半島),小西湾 (蓝湾半岛),Quarry Bay,鰂魚涌,鲗鱼涌,2025-10-19T05:00:02+08:00
CTB,85,Siu Sai Wan (Island Resort),小西灣 (藍灣半島),小西湾 (蓝湾半岛),Braemar Hill / North Point,寶馬山／北角,宝马山／北角,2025-10-19T05:00:02+08:00
CTB,85A,Shau Kei Wan,筲箕灣,筲箕湾,Braemar Hill,寶馬山,宝马山,2025-10-19T05:00:02+08:00
CTB,85P,Siu Sai Wan (Island Resort),小西灣 (藍灣半島),小西湾 (蓝湾半岛),Braemar Hill,寶馬山,宝马山,2025-10-19T05:00:02+08:00
CTB,88R,City One Shatin,沙田第一城,沙田第一城,Central,中環,中环,2025-10-19T05:00:02+08:00
CTB,88X,Siu Sai Wan (Island Resort),小西灣 (藍灣半島),小西湾 (蓝湾半岛),Kennedy Town (Belcher Bay),堅尼地城 (卑路乍灣),坚尼地城 (卑路乍湾),2025-10-19T05:00:02+08:00
CTB,8H,Siu Sai Wan (Island Resort),小西灣 (藍灣半島),小西湾 (蓝湾半岛),Tung Wah Eastern Hospital,東華東院,东华东院,2025-10-19T05:00:02+08:00
CTB,8P,Siu Sai Wan (Island Resort),小西灣 (藍灣半島),小西湾 (蓝湾半岛),Exhibition Centre Station,會展站,会展站,2025-10-19T05:00:02+08:00
CTB,8X,Siu Sai Wan (Island Resort),小西灣 (藍灣半島),小西湾 (蓝湾半岛),Happy Valley (Upper),跑馬地 (上),跑马地 (上),2025-10-19T05:00:02+08:00
CTB,9,Shau Kei Wan,筲箕灣,筲箕湾,Shek O,石澳,石澳,2025-10-19T05:00:02+08:00
CTB,90,Ap Lei Chau Estate,鴨脷洲邨,鸭脷洲邨,Central (Exchange Square),中環 (交易廣場),中环 (交易广场),2025-10-19T05:00:02+08:00
CTB,904,Kennedy Town (Belcher Bay),堅尼地城 (卑路乍灣),坚尼地城 (卑路乍湾),Lai Chi Kok,荔枝角,荔枝角,2025-10-19T05:00:02+08:00
CTB,905,Exhibition Centre Station,會展站,会展站,Lai Chi Kok,荔枝角,荔枝角,2025-10-19T05:00:02+08:00
CTB,905A,Exhibition Centre Station,會展站,会展站,Lai Chi Kok,荔枝角,荔枝角,2025-10-19T05:00:02+08:00
CTB,905P,Lai Chi Kok,荔枝角,荔枝角,Wan Chai (Harbour Road),灣仔 (港灣道),湾仔 (港湾道),2025-10-19T05:00:02+08:00
CTB,907C,Tai Po (Fu Tip),大埔 (富蝶),大埔 (富蝶),Wan Chai (HKCEC),灣仔 (會議展覽中心),湾仔 (会议展览中心),2025-10-19T05:00:02+08:00
CTB,907D,Tai Po (Ting Tai Road),大埔 (汀太路),大埔 (汀太路),Siu Sai Wan Sports Ground,小西灣運動場,小西湾运动场,2025-10-19T05:00:02+08:00
CTB,90B,South Horizons,海怡半島,海怡半岛,Admiralty (East),金鐘 (東),金钟 (东),2025-10-19T05:00:02+08:00
CTB,90C,Main Street Ap Lei Chau,鴨脷洲大街,鸭脷洲大街,Central (Jardine House),中環 (怡和大廈),中环 (怡和大厦),2025-10-19T05:00:02+08:00
CTB,91,Ap Lei Chau Estate,鴨脷洲邨,鸭脷洲邨,Central (Ferry Piers),中環碼頭,中环码头,2025-10-19T05:00:02+08:00
CTB,914,Tin Hau Station,天后站,天后站,Hoi Lai Estate,海麗邨,海丽邨,2025-10-19T05:00:02+08:00
CTB,914P,Hoi Lai Estate,海麗邨,海丽邨,Tin Hau Station,天后站,天后站,2025-10-19T05:00:02+08:00
CTB,914X,Hoi Lai Estate,海麗邨,海丽邨,Tin Hau Station,天后站,天后站,2025-10-19T05:00:02+08:00
CTB,91A,Ap Lei Chau Estate,鴨脷洲邨,鸭脷洲邨,Wah Fu (South),華富 (南),华富 (南),2025-10-19T05:00:02+08:00
CTB,93,South Horizons / Ap Lei Chau Estate,海怡半島／鴨脷洲邨,海怡半岛／鸭脷洲邨,Robinson Road,羅便臣道,罗便臣道,2025-10-19T05:00:02+08:00
CTB,930,Tsuen Wan (Discovery Park / Tsuen Wan West Station),荃灣 (愉景新城／荃灣西站),荃湾 (愉景新城／荃湾西站),Exhibition Centre Station,會展站,会展站,2025-10-19T05:00:02+08:00
CTB,930A,Tsuen Wan West Station,荃灣西站,荃湾西站,Exhibition Centre Station,會展站,会展站,2025-10-19T05:00:02+08:00
CTB,930B,Kwai Shing (East),葵盛 (東),葵盛 (东),Causeway Bay (Moreton Terrace),銅鑼灣 (摩頓台),铜锣湾 (摩顿台),2025-10-19T05:00:02+08:00
CTB,930X,Tsuen Wan (Discovery Park),荃灣 (愉景新城),荃湾 (愉景新城),Causeway Bay (Moreton Terrace),銅鑼灣 (摩頓台),铜锣湾 (摩顿台),2025-10-19T05:00:02+08:00
CTB,933,Tsuen Wan West Station,荃灣西站,荃湾西站,Sai Wan Ho,西灣河,西湾河,2025-10-19T05:00:02+08:00
CTB,93A,Lei Tung Estate,利東邨,利东邨,Robinson Road,羅便臣道,罗便臣道,2025-10-19T05:00:02+08:00
CTB,93C,Main Street Ap Lei Chau / Tin Wan,鴨脷洲大街／田灣,鸭脷洲大街／田湾,Caine Road,堅道,坚道,2025-10-19T05:00:02+08:00
CTB,948,Tsing Yi (Cheung On Estate),青衣 (長安邨),青衣 (长安邨),Tin Hau Station,天后站,天后站,2025-10-19T05:00:02+08:00
CTB,948A,Cheung On Estate,長安邨,长安邨,Tin Hau Station,天后站,天后站,2025-10-19T05:00:02+08:00
CTB,948B,Tsing Yi (Greenfield Garden),青衣 (翠怡花園),青衣 (翠怡花园),Tin Hau Station,天后站,天后站,2025-10-19T05:00:02+08:00
CTB,948E,Tsing Yi Station,青衣站,青衣站,Tai Koo (Kornhill Plaza),太古 (康怡廣場),太古 (康怡广场),2025-10-19T05:00:02+08:00
CTB,948P,Cheung On Estate,長安邨,长安邨,Tin Hau Station,天后站,天后站,2025-10-19T05:00:02+08:00
CTB,948X,Cheung Wang Estate,長宏邨,长宏邨,Tin Hau Station,天后站,天后站,2025-10-19T05:00:02+08:00
CTB,94A,Wah Fu (Central),華富 (中),华富 (中),Lei Tung Estate,利東邨,利东邨,2025-10-19T05:00:02+08:00
CTB,950,Tuen Mun (Ching Tin and Wo Tin),屯門 (菁田及和田),屯门 (菁田及和田),Exhibition Centre Station,會展站,会展站,2025-10-19T05:00:02+08:00
CTB,952,Tuen Mun (Chi Lok Fa Yuen),屯門 (置樂花園),屯门 (置乐花园),Causeway Bay (Moreton Terrace) / Admiralty (West),銅鑼灣 (摩頓台)／金鐘 (西),铜锣湾 (摩顿台)／金钟 (西),2025-10-19T05:00:02+08:00
CTB,952C,So Kwun Wat,掃管笏,扫管笏,Tai Koo (Kornhill Plaza),太古 (康怡廣場),太古 (康怡广场),2025-10-19T05:00:02+08:00
CTB,952P,Tuen Mun (Chi Lok Fa Yuen),屯門 (置樂花園),屯门 (置乐花园),Causeway Bay (Moreton Terrace),銅鑼灣 (摩頓台),铜锣湾 (摩顿台),2025-10-19T05:00:02+08:00
CTB,955,Tuen Mun (Ching Tin and Wo Tin),屯門 (菁田及和田),屯门 (菁田及和田),Sai Wan Ho,西灣河,西湾河,2025-10-19T05:00:02+08:00
CTB,95C,Ap Lei Chau Estate / Lee Nam Industrial Area,鴨脷洲邨 / 利南工業區,鸭脷洲邨 / 利南工业区,Chi Fu Fa Yuen,置富花園,置富花园,2025-10-19T05:00:02+08:00
CTB,95P,Tin Wan,田灣,田湾,Ap Lei Chau Estate,鴨脷洲邨,鸭脷洲邨,2025-10-19T05:00:02+08:00
CTB,962,Tuen Mun (Lung Mun Oasis),屯門 (龍門居),屯门 (龙门居),Causeway Bay (Moreton Terrace),銅鑼灣 (摩頓台),铜锣湾 (摩顿台),2025-10-19T05:00:02+08:00
CTB,962A,Tuen Mun (Yuet Wu Villa),屯門 (悅湖山莊),屯门 (悅湖山庄),Admiralty,金鐘,金钟,2025-10-19T05:00:02+08:00
CTB,962C,Tuen Mun (Lung Mun Oasis),屯門 (龍門居),屯门 (龙门居),Tai Koo (Kornhill Plaza),太古 (康怡廣場),太古 (康怡广场),2025-10-19T05:00:02+08:00
CTB,962G,Causeway Bay (Moreton Terrance),銅鑼灣 (摩頓台),铜锣湾 (摩顿台),Tuen Mun (Yuet Wu Villa),屯門 (悅湖山莊),屯门 (悅湖山庄),2025-10-19T05:00:02+08:00
CTB,962P,Tuen Mun (Lung Mun Oasis),屯門 (龍門居),屯门 (龙门居),Causeway Bay (Moreton Terrace),銅鑼灣 (摩頓台),铜锣湾 (摩顿台),2025-10-19T05:00:02+08:00
CTB,962X,Tuen Mun (Lung Mun Oasis),屯門 (龍門居),屯门 (龙门居),Causeway Bay (Moreton Terrace),銅鑼灣 (摩頓台),铜锣湾 (摩顿台),2025-10-19T05:00:02+08:00
CTB,967,Tin Shui Wai (Tin Yan Estate),天水圍 (天恩邨),天水围 (天恩邨),Admiralty (West),金鐘 (西),金钟 (西),2025-10-19T05:00:02+08:00
CTB,967X,Tin Shui Wai (Tin Yan Estate),天水圍 (天恩邨),天水围 (天恩邨),Causeway Bay (via Tin Shui Wai North),銅鑼灣 (經天水圍北),铜锣湾 (经天水围北),2025-10-19T05:00:02+08:00
CTB,969,Tin Shui Wai Town Centre,天水圍市中心,天水围市中心,Causeway Bay (Moreton Terrace),銅鑼灣 (摩頓台),铜锣湾 (摩顿台),2025-10-19T05:00:02+08:00
CTB,969B,Tin Shui Wai Town Centre,天水圍市中心,天水围市中心,Wan Chai,灣仔,湾仔,2025-10-19T05:00:02+08:00
CTB,969C,Tin Shui Wai (Tin Shui Estate),天水圍 (天瑞邨),天水围 (天瑞邨),Tai Koo (Kornhill Plaza),太古 (康怡廣場),太古 (康怡广场),2025-10-19T05:00:02+08:00
CTB,969N,Tin Shui Wai Town Centre,天水圍市中心,天水围市中心,Causeway Bay (Moreton Terrace),銅鑼灣 (摩頓台),铜锣湾 (摩顿台),2025-10-19T05:00:02+08:00
CTB,969P,Tin Shui Wai Town Centre,天水圍市中心,天水围市中心,Causeway Bay (Moreton Terrace),銅鑼灣 (摩頓台),铜锣湾 (摩顿台),2025-10-19T05:00:02+08:00
CTB,969X,Tin Shui Wai Town Centre,天水圍市中心,天水围市中心,Causeway Bay (via Tin Shui Wai South),銅鑼灣 (經天水圍南),铜锣湾 (经天水围南),2025-10-19T05:00:02+08:00
CTB,97,Lei Tung Estate,利東邨,利东邨,Central (Exchange Square),中環 (交易廣場),中环 (交易广场),2025-10-19T05:00:02+08:00
CTB,970,Cyberport,數碼港,数码港,So Uk Estate,蘇屋邨,苏屋邨,2025-10-19T05:00:02+08:00
CTB,970X,Aberdeen,香港仔,香港仔,Cheung Sha Wan (Kom Tsun Street),長沙灣 (甘泉街),长沙湾 (甘泉街),2025-10-19T05:00:02+08:00
CTB,971,Aberdeen (Shek Pai Wan),香港仔 (石排灣),香港仔 (石排湾),Hoi Lai Estate,海麗邨,海丽邨,2025-10-19T05:00:02+08:00
CTB,971R,Cyberport  (via Victoria Road),數碼港 (經域多利道),数码港 (经域多利道),Mong Kok,旺角,旺角,2025-10-19T05:00:02+08:00
CTB,973,Tsim Sha Tsui (Mody Road),尖沙咀 (麼地道),尖沙咀 (么地道),Stanley Market,赤柱市場,赤柱市场,2025-10-19T05:00:02+08:00
CTB,976,Lok Ma Chau (San Tin),落馬洲 (新田),落马洲 (新田),Sai Wan Ho,西灣河,西湾河,2025-10-19T05:00:02+08:00
CTB,976A,Lok Ma Chau (San Tin),落馬洲 (新田),落马洲 (新田),Siu Sai Wan (Island Resort),小西灣 (藍灣半島),小西湾 (蓝湾半岛),2025-10-19T05:00:02+08:00
CTB,979,Queen's Hill Fanling,粉嶺皇后山,粉岭皇后山,Central (Hong Kong Station),中環 (香港站),中环 (香港站),2025-10-19T05:00:02+08:00
CTB,98,Lei Tung Estate,利東邨,利东邨,Aberdeen (Chengtu Road),香港仔 (成都道),香港仔 (成都道),2025-10-19T05:00:02+08:00
CTB,980A,Shek Mun Estate,碩門邨,硕门邨,Wan Chai,灣仔,湾仔,2025-10-19T05:00:02+08:00
CTB,980X,Ma On Shan (Wu Kai Sha Station),馬鞍山 (烏溪沙站),马鞍山 (乌溪沙站),Wan Chai,灣仔,湾仔,2025-10-19T05:00:02+08:00
CTB,981P,Ma On Shan (Yiu On Estate),馬鞍山 (耀安邨),马鞍山 (耀安邨),Wan Chai,灣仔,湾仔,2025-10-19T05:00:02+08:00
CTB,982C,Shek Mun Estate,碩門邨,硕门邨,Sai Wan Ho,西灣河,西湾河,2025-10-19T05:00:02+08:00
CTB,982X,Sha Tin (Yu Chui Court),沙田 (愉翠苑),沙田 (愉翠苑),Wan Chai,灣仔,湾仔,2025-10-19T05:00:02+08:00
CTB,985,Shatin (Mei Tin Estate),沙田 (美田邨),沙田 (美田邨),Causeway Bay,銅鑼灣,铜锣湾,2025-10-19T05:00:02+08:00
CTB,985A,Shatin (Mei Tin Estate),沙田 (美田邨),沙田 (美田邨),Causeway Bay,銅鑼灣,铜锣湾,2025-10-19T05:00:02+08:00
CTB,985B,Tin Sam Village,田心村,田心村,Causeway Bay,銅鑼灣,铜锣湾,2025-10-19T05:00:02+08:00
CTB,986,Sha Tin Wai,沙田圍,沙田围,Sai Wan Ho,西灣河,西湾河,2025-10-19T05:00:02+08:00
CTB,987,Sai Wan Ho,西灣河,西湾河,Fo Tan (Chun Yeung Estate),火炭(駿洋邨),火炭(骏洋邨),2025-10-19T05:00:02+08:00
CTB,989,Fo Tan (Chun Yeung Estate),火炭 (駿洋邨),火炭 (骏洋邨),Sai Wan Ho,西灣河,西湾河,2025-10-19T05:00:02+08:00
CTB,99,South Horizons,海怡半島,海怡半岛,Shau Kei Wan,筲箕灣,筲箕湾,2025-10-19T05:00:02+08:00
CTB,99X,South Horizons,海怡半島,海怡半岛,Sai Wan Ho,西灣河,西湾河,2025-10-19T05:00:02+08:00
CTB,9C,Shau Kei Wan,筲箕灣,筲箕湾,Cape Collinson,歌連臣角,歌连臣角,2025-10-19T05:00:02+08:00
CTB,A10,Ap Lei Chau (Lee Lok Street),鴨脷洲 (利樂街),鸭脷洲 (利乐街),Airport (via HZMB Hong Kong Port),機場 (經港珠澳大橋香港口岸),机场 (经港珠澳大桥香港口岸),2025-10-19T05:00:02+08:00
CTB,A11,North Point Ferry Pier,北角碼頭,北角码头,Airport (via HZMB Hong Kong Port),機場 (經港珠澳大橋香港口岸),机场 (经港珠澳大桥香港口岸),2025-10-19T05:00:02+08:00
CTB,A12,Siu Sai Wan (Island Resort),小西灣 (藍灣半島),小西湾 (蓝湾半岛),Airport (via HZMB Hong Kong Port),機場 (經港珠澳大橋香港口岸),机场 (经港珠澳大桥香港口岸),2025-10-19T05:00:02+08:00
CTB,A17,Sham Wan (via Ocean Park),深灣 (經海洋公園),深湾 (经海洋公园),Airport (via HZMB Hong Kong Port),機場 (經港珠澳大橋香港口岸),机场 (经港珠澳大桥香港口岸),2025-10-19T05:00:02+08:00
CTB,A20,Hung Hom Station,紅磡站,红磡站,Airport,機場,机场,2025-10-19T05:00:02+08:00
CTB,A21,Hung Hom Station,紅磡站,红磡站,Airport (via HZMB Hong Kong Port),機場 (經港珠澳大橋香港口岸),机场 (经港珠澳大桥香港口岸),2025-10-19T05:00:02+08:00
CTB,A22,Lam Tin Station,藍田站,蓝田站,Airport (via HZMB Hong Kong Port),機場 (經港珠澳大橋香港口岸),机场 (经港珠澳大桥香港口岸),2025-10-19T05:00:02+08:00
CTB,A23,Tsz Wan Shan (North),慈雲山 (北),慈云山 (北),Airport (via HZMB Hong Kong Port),機場 (經港珠澳大橋香港口岸),机场 (经港珠澳大桥香港口岸),2025-10-19T05:00:02+08:00
CTB,A25,Kai Tak (via Tsim Sha Tsui),啟德 (經尖沙咀),启德 (经尖沙咀),Airport (via HZMB Hong Kong Port),機場 (經港珠澳大橋香港口岸),机场 (经港珠澳大桥香港口岸),2025-10-19T05:00:02+08:00
CTB,A25S,Kai Tak Sports Park,啟德體育園,启德体育园,Airport (via HZMB Hong Kong Port),機場 (經港珠澳大橋香港口岸),机场 (经港珠澳大桥香港口岸),2025-10-19T05:00:02+08:00
CTB,A26,Yau Tong,油塘,油塘,Airport (via HZMB Hong Kong Port),機場 (經港珠澳大橋香港口岸),机场 (经港珠澳大桥香港口岸),2025-10-19T05:00:02+08:00
CTB,A28,LOHAS Park,日出康城,日出康城,Airport (via HZMB Hong Kong Port),機場 (經港珠澳大橋香港口岸),机场 (经港珠澳大桥香港口岸),2025-10-19T05:00:02+08:00
CTB,A29,Tseung Kwan O (Po Lam),將軍澳 (寶琳),将军澳 (宝琳),Airport (via HZMB Hong Kong Port),機場 (經港珠澳大橋香港口岸),机场 (经港珠澳大桥香港口岸),2025-10-19T05:00:02+08:00
CTB,B3,Tuen Mun Ferry Pier,屯門碼頭,屯门码头,Shenzhen Bay Port,深圳灣口岸,深圳湾口岸,2025-10-19T05:00:02+08:00
CTB,B3A,Shan King Estate,山景邨,山景邨,Shenzhen Bay Port,深圳灣口岸,深圳湾口岸,2025-10-19T05:00:02+08:00
CTB,B3M,Shenzhen Bay Port,深圳灣口岸,深圳湾口岸,Tuen Mun Station,屯門站,屯门站,2025-10-19T05:00:02+08:00
CTB,B3X,Tuen Mun Town Centre,屯門市中心,屯门市中心,Shenzhen Bay Port,深圳灣口岸,深圳湾口岸,2025-10-19T05:00:02+08:00
CTB,B5,Hong Kong-Zhuhai-Macao Bridge Hong Kong Port,港珠澳大橋香港口岸,港珠澳大桥香港口岸,Sunny Bay Station,欣澳站,欣澳站,2025-10-19T05:00:02+08:00
CTB,B7,Sheung Shui (Po Wan Road) (via Fanling Station),上水 (寶運路) (經粉嶺站),上水 (宝运路) (经粉岭站),Heung Yuen Wai (Liantang) Port (via Fanling Station),香園圍 (蓮塘) 口岸 (經粉嶺站),香园围 (莲塘) 口岸 (经粉岭站),2025-10-19T05:00:02+08:00
CTB,B7X,Sheung Shui Station,上水站,上水站,Heung Yuen Wai Port,香園圍口岸,香园围口岸,2025-10-19T05:00:02+08:00
CTB,B8,Tai Wai Station (via Tai Po),大圍站 (經大埔),大围站 (经大埔),Heung Yuen Wai (Liantang) Port (via Tai Po),香園圍 (蓮塘) 口岸 (經大埔),香园围 (莲塘) 口岸 (经大埔),2025-10-19T05:00:02+08:00
CTB,E11,Tin Hau Station,天后站,天后站,SKYCITY,航天城,航天城,2025-10-19T05:00:02+08:00
CTB,E11A,Tin Hau Station,天后站,天后站,SKYCITY (via Tung Chung North),航天城 (經東涌北),航天城 (经东涌北),2025-10-19T05:00:02+08:00
CTB,E11B,Tin Hau Station,天后站,天后站,Tung Chung (Mun Tung Estate),東涌 (滿東邨),东涌 (满东邨),2025-10-19T05:00:02+08:00
CTB,E11S,Tung Chung (Mun Tung Estate),東涌 (滿東邨),东涌 (满东邨),Tin Hau Station,天后站,天后站,2025-10-19T05:00:02+08:00
CTB,E21,Tai Kok Tsui (Island Harbourview),大角咀 (維港灣),大角咀 (维港湾),SKYCITY,航天城,航天城,2025-10-19T05:00:02+08:00
CTB,E21A,Ho Man Tin (Oi Man Estate),何文田 (愛民邨),何文田 (爱民邨),Tung Chung (Yat Tung Estate),東涌 (逸東邨),东涌 (逸东邨),2025-10-19T05:00:02+08:00
CTB,E21B,Ho Man Tin (Oi Man Estate),何文田 (愛民邨),何文田 (爱民邨),Tung Chung (Yat Tung Estate),東涌 (逸東邨),东涌 (逸东邨),2025-10-19T05:00:02+08:00
CTB,E21C,Tai Kok Tsui (Island Harbourview),大角咀 (維港灣),大角咀 (维港湾),Aircraft Maintenance Area,飛機維修區,飞机维修区,2025-10-19T05:00:02+08:00
CTB,E21D,Tai Kok Tsui (Island Harbourview),大角咀 (維港灣),大角咀 (维港湾),SKYCITY (via: Tung Chung North),航天城 (經:東涌北),航天城 (经:东涌北),2025-10-19T05:00:02+08:00
CTB,E21X,Tung Chung (Mun Tung Estate),東涌 (滿東邨),东涌 (满东邨),Hung Hom Station,紅磡站,红磡站,2025-10-19T05:00:02+08:00
CTB,E22,Lam Tin (North),藍田 (北),蓝田 (北),SKYCITY,航天城,航天城,2025-10-19T05:00:02+08:00
CTB,E22A,Tseung Kwan O (Hong Sing Garden),將軍澳 (康盛花園),将军澳 (康盛花园),SKYCITY,航天城,航天城,2025-10-19T05:00:02+08:00
CTB,E22C,Tiu Keng Leng Station,調景嶺站,调景岭站,Aircraft Maintenance Area,飛機維修區,飞机维修区,2025-10-19T05:00:02+08:00
CTB,E22P,Yau Tong,油塘,油塘,SKYCITY,航天城,航天城,2025-10-19T05:00:02+08:00
CTB,E22S,Tung Chung (Mun Tung Estate),東涌 (滿東邨),东涌 (满东邨),Tseung Kwan O (Po Lam),將軍澳 (寶琳),将军澳 (宝琳),2025-10-19T05:00:02+08:00
CTB,E22X,Yau Tong,油塘,油塘,SKYCITY,航天城,航天城,2025-10-19T05:00:02+08:00
CTB,E23,Tsz Wan Shan (South),慈雲山 (南),慈云山 (南),Airport (Ground Transportation Centre),機場 (地面運輸中心),机场 (地面运输中心),2025-10-19T05:00:02+08:00
CTB,E23A,Tsz Wan Shan (South),慈雲山 (南),慈云山 (南),Airport (via Tung Chung North),機場 (經東涌北),机场 (经东涌北),2025-10-19T05:00:02+08:00
CTB,H1,Central Ferry - Star Ferry,中環碼頭-天星小輪,中环码头-天星小轮,Tsim Sha Tsui,尖沙咀 ．落日飛車,尖沙咀 ．落日飞车,2025-10-19T05:00:02+08:00
CTB,H1S,Central Ferry - Star Ferry,中環碼頭-天星小輪 ．落日飛車,中环码头-天星小轮 ．落日飞车,West Kowloon Cultural District,西九文化區 ．落日飛車,西九文化区 ．落日飞车,2025-10-19T05:00:02+08:00
CTB,H2,Central Ferry - Star Ferry,中環碼頭-天星小輪 ．落日飛車,中环码头-天星小轮 ．落日飞车,Tsim Sha Tsui,尖沙咀,尖沙咀,2025-10-19T05:00:02+08:00
CTB,H2K,Central Ferry - Star Ferry,中環碼頭-天星小輪 ．落日飛車,中环码头-天星小轮 ．落日飞车,West Kowloon Cultural District,西九文化區 ．落日飛車,西九文化区 ．落日飞车,2025-10-19T05:00:02+08:00
CTB,H3,Central Ferry - Hong Kong Observation Wheel,中環碼頭 -香港摩天輪,中环码头 -香港摩天轮,Stanley Village / Stanley Market,赤柱村／赤柱市集  ．落日飛車,赤柱村／赤柱市集  ．落日飞车,2025-10-19T05:00:02+08:00
CTB,H4,Stanley Village / Stanley Market,赤柱村／赤柱市集,赤柱村／赤柱市集,Central Ferry - Hong Kong Observation Wheel,中環碼頭 -香港摩天輪 ．落日飛車,中环码头 -香港摩天轮 ．落日飞车,2025-10-19T05:00:02+08:00
CTB,N11,Central (Macau Ferry),中環 (港澳碼頭),中环 (港澳码头),Airport (Ground Transportation Centre),機場 (地面運輸中心),机场 (地面运输中心),2025-10-19T05:00:02+08:00
CTB,N118,Siu Sai Wan (Island Resort),小西灣 (藍灣半島),小西湾 (蓝湾半岛),Cheung Sha Wan (Sham Mong Road),長沙灣 (深旺道),长沙湾 (深旺道),2025-10-19T05:00:02+08:00
CTB,N121,Central (Macau Ferry),中環 (港澳碼頭),中环 (港澳码头),Ngau Tau Kok,牛頭角,牛头角,2025-10-19T05:00:02+08:00
CTB,N122,Shau Kei Wan,筲箕灣,筲箕湾,Mei Foo,美孚,美孚,2025-10-19T05:00:02+08:00
CTB,N170,Wah Fu (Central),華富 (中),华富 (中),Sha Tin Central,沙田巿中心,沙田巿中心,2025-10-19T05:00:02+08:00
CTB,N171,Ap Lei Chau Estate,鴨脷洲邨,鸭脷洲邨,Lai Chi Kok,荔枝角,荔枝角,2025-10-19T05:00:02+08:00
CTB,N182,Central (Macau Ferry),中環 (港澳碼頭),中环 (港澳码头),Sha Tin (Kwong Yuen),沙田 (廣源),沙田 (广源),2025-10-19T05:00:02+08:00
CTB,N20,Tai Kok Tsui (Island Harbourview),大角咀 (維港灣),大角咀 (维港湾),Kai Tak (Muk On Street),啟德 (沐安街),启德 (沐安街),2025-10-19T05:00:02+08:00
CTB,N21,Tsim Sha Tsui (Star Ferry),尖沙咀 (天星碼頭),尖沙咀 (天星码头),Airport (Ground Transportation Centre),機場 (地面運輸中心),机场 (地面运输中心),2025-10-19T05:00:02+08:00
CTB,N21A,Tsim Sha Tsui (Star Ferry),尖沙咀 (天星碼頭),尖沙咀 (天星码头),Airport (via Yat Tung Estate),機場 (經逸東邨),机场 (经逸东邨),2025-10-19T05:00:02+08:00
CTB,N23,Tsz Wan Shan (North),慈雲山 (北),慈云山 (北),Tung Chung Station,東涌站,东涌站,2025-10-19T05:00:02+08:00
CTB,N26,Yau Tong,油塘,油塘,Tung Chung Station,東涌站,东涌站,2025-10-19T05:00:02+08:00
CTB,N29,Tseung Kwan O (Hong Sing Garden),將軍澳 (康盛花園),将军澳 (康盛花园),Tung Chung Station,東涌站,东涌站,2025-10-19T05:00:02+08:00
CTB,N307,Sheung Wan,上環,上环,Tai Wo,太和,太和,2025-10-19T05:00:02+08:00
CTB,N50,Tuen Mun (Ching Tin and Wo Tin),屯門 (菁田及和田),屯门 (菁田及和田),Tsim Sha Tsui (Kowloon Station),尖沙咀 (九龍站),尖沙咀 (九龙站),2025-10-19T05:00:02+08:00
CTB,N619,Central (Macau Ferry),中環 (港澳碼頭),中环 (港澳码头),Shun Lee Estate,順利邨,顺利邨,2025-10-19T05:00:02+08:00
CTB,N680,Central (Macau Ferry),中環 (港澳碼頭),中环 (港澳码头),Ma On Shan (Kam Ying Court),馬鞍山 (錦英苑),马鞍山 (锦英苑),2025-10-19T05:00:02+08:00
CTB,N691,Central (Macau Ferry),中環 (港澳碼頭),中环 (港澳码头),Tiu Keng Leng (King Ling Road),調景嶺 (景嶺路),调景岭 (景岭路),2025-10-19T05:00:02+08:00
CTB,N72,Wah Kwai Estate,華貴邨,华贵邨,Quarry Bay (Hoi Chak Street),鰂魚涌 (海澤街),鲗鱼涌 (海泽街),2025-10-19T05:00:02+08:00
CTB,N796,LOHAS Park,日出康城,日出康城,Mongkok (via Tsim Sha Tsui),旺角 (經尖沙咀),旺角 (经尖沙咀),2025-10-19T05:00:02+08:00
CTB,N8,Heng Fa Chuen (Citybus Chong Fu Road Garage),杏花邨 (城巴創富道車廠),杏花邨 (城巴创富道车厂),Quarry Bay,鰂魚涌,鲗鱼涌,2025-10-19T05:00:02+08:00
CTB,N8P,Siu Sai Wan (Island Resort),小西灣 (藍灣半島),小西湾 (蓝湾半岛),Wan Chai (Harbour Road),灣仔 (港灣道),湾仔 (港湾道),2025-10-19T05:00:02+08:00
CTB,N8X,Siu Sai Wan (Island Resort),小西灣 (藍灣半島),小西湾 (蓝湾半岛),Kennedy Town,堅尼地城,坚尼地城,2025-10-19T05:00:02+08:00
CTB,N90,South Horizons,海怡半島,海怡半岛,Central (Macau Ferry),中環 (港澳碼頭),中环 (港澳码头),2025-10-19T05:00:02+08:00
CTB,N930,Tsuen Wan (Discovery Park),荃灣 (愉景新城),荃湾 (愉景新城),Causeway Bay (Moreton Terrace),銅鑼灣 (摩頓台),铜锣湾 (摩顿台),2025-10-19T05:00:02+08:00
CTB,N952,Tuen Mun (Chi Lok Fa Yuen),屯門 (置樂花園),屯门 (置乐花园),Causeway Bay (Moreton Terrace),銅鑼灣 (摩頓台),铜锣湾 (摩顿台),2025-10-19T05:00:02+08:00
CTB,N962,Tuen Mun (Lung Mun Oasis),屯門 (龍門居),屯门 (龙门居),Causeway Bay (Moreton Terrace),銅鑼灣 (摩頓台),铜锣湾 (摩顿台),2025-10-19T05:00:02+08:00
CTB,N969,Tin Shui Wai Town Centre,天水圍市中心,天水围市中心,Causeway Bay (Moreton Terrace),銅鑼灣 (摩頓台),铜锣湾 (摩顿台),2025-10-19T05:00:02+08:00
CTB,NA10,Ap Lei Chau (Lee Lok Street),鴨脷洲 (利樂街),鸭脷洲 (利乐街),Airport / HZMB Hong Kong Port,機場 / 港珠澳大橋香港口岸,机场 / 港珠澳大桥香港口岸,2025-10-19T05:00:02+08:00
CTB,NA11,North Point Ferry Pier,北角碼頭,北角码头,Airport / HZMB Hong Kong Port,機場 / 港珠澳大橋香港口岸,机场 / 港珠澳大桥香港口岸,2025-10-19T05:00:02+08:00
CTB,NA12,Heng Fa Chuen,杏花邨,杏花邨,Airport / HZMB Hong Kong Port,機場 / 港珠澳大橋香港口岸,机场 / 港珠澳大桥香港口岸,2025-10-19T05:00:02+08:00
CTB,NA20,Whampoa Garden,黃埔花園,黄埔花园,Airport / HZMB Hong Kong Port,機場 / 港珠澳大橋香港口岸,机场 / 港珠澳大桥香港口岸,2025-10-19T05:00:02+08:00
CTB,NA21,Airport / HZMB Hong Kong Port,機場 / 港珠澳大橋香港口岸,机场 / 港珠澳大桥香港口岸,Tai Kok Tsui (Hoi Fai Road),大角咀 (海輝道),大角咀 (海辉道),2025-10-19T05:00:02+08:00
CTB,NA29,Tseung Kwan O (Po Lam),將軍澳 (寶琳),将军澳 (宝琳),Airport / HZMB Hong Kong Port,機場 / 港珠澳大橋香港口岸,机场 / 港珠澳大桥香港口岸,2025-10-19T05:00:02+08:00
CTB,NP1,Airport / Ngong Ping 360 - Tung Chung Cable Car Station,機場／昂坪360 - 東涌纜車站,机场／昂坪360 - 东涌缆车站,Hong Kong Disneyland,香港迪士尼樂園,香港迪士尼乐园,2025-10-19T05:00:02+08:00
CTB,NP2,Ngong Ping 360 - Tung Chung Cable Car Station,昂坪360 - 東涌纜車站,昂坪360 - 东涌缆车站,Airport / Aircraft Maintenance Area,機場／飛機維修區,机场／飞机维修区,2025-10-19T05:00:02+08:00
CTB,R11,Disneyland,迪士尼樂園,迪士尼乐园,North Point Ferry Pier,北角碼頭,北角码头,2025-10-19T05:00:02+08:00
CTB,R8,Disneyland,迪士尼樂園,迪士尼乐园,Lantau Link Bus-Bus Interchange,青嶼幹線巴士轉乘站,青屿干线巴士转乘站,2025-10-19T05:00:02+08:00
CTB,S1,Tung Chung Station,東涌站,东涌站,Airport (Passenger Terminal 1 / AsiaWorld-Expo),機場 (一號客運大樓／博覽館),机场 (一号客运大楼／博览馆),2025-10-19T05:00:02+08:00
CTB,S52,Tung Chung (Yat Tung Estate),東涌 (逸東邨),东涌 (逸东邨),Aircraft Maintenance Area,飛機維修區,飞机维修区,2025-10-19T05:00:02+08:00
CTB,S52A,Yu Nga Court,裕雅苑,裕雅苑,Aircraft Maintenance Area,飛機維修區,飞机维修区,2025-10-19T05:00:02+08:00
CTB,S52P,Tung Chung (Yat Tung Estate),東涌 (逸東邨),东涌 (逸东邨),Chun Ping Road (Asia Airfreight Terminal),駿坪路 (亞洲空運中心),骏坪路 (亚洲空运中心),2025-10-19T05:00:02+08:00
CTB,S56,Tung Chung Station,東涌站,东涌站,Airport (Passenger Terminal 1),機場 (一號客運大樓),机场 (一号客运大楼),2025-10-19T05:00:02+08:00
CTB,SP10,Kai Tak Sports Park,啟德體育園,启德体育园,Central (Macau Ferry),中環 (港澳碼頭),中环 (港澳码头),2025-10-19T05:00:02+08:00
CTB,SP11,Kai Tak Sports Park,啟德體育園,启德体育园,Siu Sai Wan (Island Resort),小西灣 (藍灣半島),小西湾 (蓝湾半岛),2025-10-19T05:00:02+08:00
CTB,SP12,Kai Tak Sports Park,啟德體育園,启德体育园,Lok Ma Chau (San Tin),落馬洲 (新田),落马洲 (新田),2025-10-19T05:00:02+08:00
CTB,SP2,Kai Tak Sports Park,啟德體育園,启德体育园,Mong Kok,旺角,旺角,2025-10-19T05:00:02+08:00
CTB,SP5B,Kai Tak Sports Park,啟德體育園,启德体育园,Tuen Mun (Ching Tin and Wo Tin),屯門 (菁田及和田),屯门 (菁田及和田),2025-10-19T05:00:02+08:00
CTB,SP9,Kai Tak Sports Park,啟德體育園,启德体育园,LOHAS Park,日出康城,日出康城,2025-10-19T05:00:02+08:00
CTB,X1,Tung Chung Station,東涌站,东涌站,AsiaWorld-Expo,機場博覽館,机场博览馆,2025-10-19T05:00:02+08:00
CTB,X15,Central (Star Ferry),中環 (天星碼頭),中环 (天星码头),The Peak,山頂,山顶,2025-10-19T05:00:02+08:00
CTB,X55,AsiaWorld-Expo,亞洲國際博覽館,亚洲国际博览馆,AsiaWorld-Expo,亞洲國際博覽館,亚洲国际博览馆,2025-10-19T05:00:02+08:00
CTB,X8,Happy Valley (Upper),跑馬地 (上),跑马地 (上),Siu Sai Wan (Island Resort),小西灣 (藍灣半島),小西湾 (蓝湾半岛),2025-10-19T05:00:02+08:00
CTB,X9,Central (Star Ferry),中環 (天星碼頭),中环 (天星码头),Shek O,石澳,石澳,2025-10-19T05:00:02+08:00
CTB,X962,Admiralty (West),金鐘 (西),金钟 (西),Tuen Mun (Lung Mun Oasis),屯門 (龍門居),屯门 (龙门居),2025-10-19T05:00:02+08:00
CTB,X970,South Horizons,海怡半島,海怡半岛,Cheung Sha Wan (Kom Tsun Street),長沙灣 (甘泉街),长沙湾 (甘泉街),2025-10-19T05:00:02+08:00
